<I T="" U="" O="0" V="1">
	<I T="Getting Started" U="" O="0" V="1">
		<I T="Introduction" U="js:ShowPage('../help/Overview.htm')" O="0" V="1" />
		<I T="WebForms" U="js:ShowPage('../help/WebForm.html')" O="0" V="1" />
		<I T="About" U="js:ShowPage('../help/Credits.html')" O="0" V="1" />
	</I>
	<I T="Reference" U="" O="0" V="1">
		<I T="Core" U="" O="0" V="1">
			<I T="WebControl" O="0" V="1" U="js:ShowPage('../help/WebControl.html')" />
			<I T="Page" O="0" V="1" U="js:ShowPage('../help/Page.html')" />
			<I T="ViewState" O="0" V="1" U="js:ShowPage('../help/ViewState.htm')" />
			<I T="ClientEvent" O="0" V="1" U="js:ShowPage('../help/ClientEvent.htm')" />
			<I T="StringBuilder" O="0" V="1" U="js:ShowPage('../help/StringBuilder.htm')" />
			<I T="PageController" O="0" V="1" U="js:ShowPage('../help/PageController.htm')" />
		</I>
		<I T="Controls" U="" O="0" V="1">
			<I T="Button" U="js:ShowPage('../help/Server_Button.htm')" O="0" V="1"/>
			<I T="CheckBox" U="js:ShowPage('../help/CheckBox.html')" O="0" V="1"/>
			<I T="CheckBoxList" U="js:ShowPage('../help/Server_CheckBoxList.htm')" O="0" V="1"/>
			<I T="DataGrid" U="js:ShowPage('../help/Server_DataGrid.htm')" O="0" V="1"/>
			<I T="DataList" U="js:ShowPage('../help/Server_DataList.htm')" O="0" V="1"/>
			<I T="DataRepeater" U="js:ShowPage('../help/Server_DataRepeater.htm')" O="0" V="1"/>
			<I T="DropDown" U="js:ShowPage('../help/Server_DropDown.htm')" O="0" V="1"/>
			<I T="Frame" U="js:ShowPage('../help/InProgress.html')" O="0" V="1"/>
			<I T="HiddenField" U="js:ShowPage('../help/Server_HiddenField.htm')" O="0" V="1"/>
			<I T="HyperLink" U="js:ShowPage('../help/Server_Hyperlink.htm')" O="0" V="1"/>
			<I T="Image" U="js:ShowPage('../help/Server_Image.htm')" O="0" V="1"/>
			<I T="Label" U="js:ShowPage('../help/Server_Label.htm')" O="0" V="1"/>
			<I T="Layer" U="js:ShowPage('../help/InProgress.html')" O="0" V="1"/>
			<I T="Menu" U="js:ShowPage('../help/InProgress.html')" O="0" V="1"/>
			<I T="Panel" U="js:ShowPage('../help/Server_Panel.html')" O="0" V="1"/>
			<I T="RadioButton" U="js:ShowPage('../help/Server_RadioButton.htm')" O="0" V="1"/>
			<I T="TextBox" U="js:ShowPage('../help/Server_TextBox.htm')" O="0" V="1"/>
			<I T="TreeView" U="js:ShowPage('../help/InProgress.html')" O="0" V="1"/>
			<I T="Toolbar" U="js:ShowPage('../help/InProgress.html')" O="0" V="1"/>
			<I T="Graph" U="js:ShowPage('../help/ServerGraph - Quick Reference.htm')" O="0" V="1"/>
			
		</I>		
	</I>
	<I T="Samples" U="" O="0" V="1">
		<I T="Controls" U="" O="0" V="1">
			<I T="BarCode"  O="0" V="1" U="js:ShowPage('../BarCode.asp')"/>
			<I T="Browser"  O="0" V="1" U="js:ShowPage('../Browser.asp')"/>
			<I T="Buttons"  O="0" V="1" U="js:ShowPage('../Buttons.asp')"/>			
			<I T="CheckBox" O="0" V="1" U="js:ShowPage('../CheckBox.asp')"/>
			<I T="DataGrid" U="" O="0" V="1">
				<I T="DataGrid" O="0" V="1" U="js:ShowPage('../DataGrid.asp')"/>
				<I T="Highlighting" O="0" V="1" U="js:ShowPage('../DataGridHighlighting.asp')"/>
				<I T="RowSpan" O="0" V="1" U="js:ShowPage('../DataGridRowSpan.asp')"/>
			</I>
			<I T="DataList" O="0" V="1" U="js:ShowPage('../DataList.asp')"/>
			<I T="DataRepeater"	 O="0" V="1" U="js:ShowPage('../DataRepeater.asp')"/>
			<I T="DropDown" O="0" V="1" U="js:ShowPage('../DropDown.asp')"/>
			<I T="Events"   O="0" V="1" U="js:ShowPage('../Events.asp')"/>
			<I T="FileUploader" O="0" V="1" U="js:ShowPage('../FileUploader.asp')"/>
			<I T="FieldValidator" O="0" V="1" U="js:ShowPage('../ServerValidation.asp')"/>
			<I T="Frame" O="0" V="1" U="js:ShowPage('../Frame.asp')"/>
			<I T="GenericHTML" O="0" V="1" U="js:ShowPage('../GenericHTMLControl.asp')"/>
			<I T="Graph" O="0" V="1" U="js:ShowPage('../Graph.asp')"/>
			<I T="HyperLink" O="0" V="1" U="js:ShowPage('../HyperLink.asp')"/>
			<I T="Image" O="0" V="1" U="js:ShowPage('../Image.asp')"/>
			<I T="ImageList" O="0" V="1" U="js:ShowPage('../ImageList.asp')"/>
			<I T="Label" O="0" V="1" U="js:ShowPage('../Label.asp')"/>
			<I T="Layer" O="0" V="1" U="js:ShowPage('../Layer.asp')"/>
			<I T="Marquee" O="0" V="1" U="js:ShowPage('../Marquee.asp')"/>
			<I T="Menu" O="0" V="1" U="js:ShowPage('../Menu.asp')"/>

			<I T="Panel" U="" O="0" V="1">
				<I T="Sample #1" O="0" V="1" U="js:ShowPage('../Panel.asp')"/>
				<I T="Sample #2" O="0" V="1" U="js:ShowPage('../PanelList.asp')"/>
			</I>

			<I T="RadioButton" O="0" V="1" U="js:ShowPage('../RadioButton.asp')"/>
			<I T="RichTextBox" O="0" V="1" U="js:ShowPage('../RichTextBox.asp')"/>
			<I T="Tab" O="0" V="1" U="js:ShowPage('../Tabs.asp')"/>			
			<I T="TextBoxes" U="" O="0" V="1">
				<I T="Sample #1" O="0" V="1" U="js:ShowPage('../TextBox.asp')"/>
				<I T="Sample #2"  O="0" V="1" U="js:ShowPage('../TextBoxAdvance.asp')"/>
			</I>

			<I T="Timer"	O="0" V="1" U="js:ShowPage('../Timer.asp')"/>
			<I T="Toolbar" O="0" V="1" U="js:ShowPage('../ToolBar.asp')"/>
			<I T="TreeView"	O="0" V="1" U="js:ShowPage('../Tree.asp')"/>

			<I T="Miscelaneous" U="" O="0" V="1">
				<I T="DataBind"		O="0" V="1" U="js:ShowPage('../PageDataBind.asp')"/>
				<I T="EmployeeList"	O="0" V="1" U="js:ShowPage('../EmployeeList.asp')"/>
				<I T="EmployeeList V2"	O="0" V="1" U="js:ShowPage('../EmployeeListV2.asp')"/>
				<I T="Performace"	O="0" V="1" U="js:ShowPage('../PerformanceTest.asp')"/>
				<I T="PopUpWin"		O="0" V="1" U="js:ShowPage('../PopWin.asp')"/>
				<I T="UserControls"	O="0" V="1" U="js:ShowPage('../UserControls.asp')"/>
			</I>
			
		</I>
		<I T="Developer" U="" O="0" V="1">
			<I T="Writting a WebControl" U="" O="0" V="1" />
		</I>		
	</I>
</I>
